"Reference","Qty","Value","DNP","Exclude from BOM","Exclude from Board","Footprint","Datasheet"
"D1,D2,D3,D4","4","LED","","","","LED_SMD:LED_1206_3216Metric","~"
"Q2","1","Q_NPN_BEC","","","","Transistor:SOT-23","~"
"R1,R2,R3,R4","4","68R","","","","Resistor_SMD:R_0603_1608Metric","~"
"S2","1","PEC12R-4015F-S0024","","","","PEC12R-4015F-S0024 Rotary Encoder:XDCR_PEC12R-4015F-S0024",""
"SW5,SW6,SW7,SW8","4","SW_DIP_x01","","","","MX Switch Hot Swapable:Kailh_socket_MX","~"
"U1","1","XIAO-RP2040-DIP","","","","OPKL:XIAO-RP2040-DIP",""




4usd XIAO-RP2040-DIP
7usd Kailh Hotswap sockets for MX-style Keyswitches x50
usd 39 Kailh Speed Pro Heavy Switch Set
84 usd key cap Dwarf Factory Base xXx Brown SA Profile Artisan Keycap
1.72 usd PEC12R-4015F-S0024
0.60 usd x 4  Resistor_SMD:R_0603_1608Metric
0.10 x1 Transistor:SOT-23
0.20 usd x 4 LED_SMD:LED_1206_3216Metric
10.13 PCB

